Timour (Askmonty) <timour@askmonty.org> timour@askmonty.org <timour@askmonty.org>
Timour (Askmonty) <timour@askmonty.org> unknown <timour@askmonty.org>

Alexander Barkov (MariaDB Corporation) <bar@mariadb.com> Alexander Barkov <bar@mariadb.org>
Alexander Barkov (MariaDB Corporation) <bar@mariadb.com> Alexander Barkov <bar@mariadb.com>
Alexander Barkov (MariaDB Corporation) <bar@mnogosearch.org> Alexander Barkov <bar@mnogosearch.org>
Alexander Barkov (MariaDB Corporation) <bar@localhost.localdomain> Alexander Barkov <bar@localhost.localdomain>
Alexander Barkov (MariaDB Corporation) <bar@debian> Alexander Barkov <bar@debian>
Alexander Barkov (MariaDB Corporation) <bar@centos63> Alexander Barkov <bar@centos63>
Alexander Barkov (MariaDB Corporation) <bar@home.Dlink> Alexander Barkov <bar@home.Dlink>
Alexey Botchkov (MariaDB Corporation) <holyfoot@mariadb.com> Alexey Botchkov <holyfoot@askmonty.org>
Alexey Botchkov (MariaDB Corporation) <holyfoot@mariadb.com> holyfoot <holyfoot@mariadb.com>
Alexey Botchkov (MariaDB Corporation) <holyfoot@montyprogram.com> Alexey Botchkov <holyfoot@montyprogram.com>
Alexey Botchkov (MariaDB Corporation) <holyfoot@mariadb.com> HF <holyfoot@mariadb.com>
Alexey Bychko (MariaDB Corporation) <alexey.bychko@mariadb.com> Alexey Bychko <alexey.bychko@mariadb.com>
Alice Sherepa (MariaDB Corporation) <alice.sherepa@gmail.com> Alice Sherepa <alice.sherepa@gmail.com>
Alice Sherepa (MariaDB Corporation) <alice.sherepa@gmail.com> forkfun <alice.sherepa@gmail.com>
Andrei Elkin (MariaDB Corporation) <andrei.elkin@mariadb.com> Andrei Elkin <andrei.elkin@mariadb.com>
Andrei Elkin (MariaDB Corporation) <andrei.elkin@mariadb.com> andrelkin <andrei.elkin@mariadb.com>
Andrei Elkin (MariaDB Corporation) <andrei.elkin@pp.inet.fi> Andrei Elkin <andrei.elkin@pp.inet.fi>
Andrei Elkin (MariaDB Corporation) <andrei.elkin@mariadb.com> Andrei <andrei.elkin@mariadb.com>
Andrew Hutchings (MariaDB Corporation) <andrew@linuxjedi.co.uk> Andrew Hutchings <andrew@linuxjedi.co.uk>
Andrii Nikitin (MariaDB Corporation)  <andrii.nikitin@mariadb.com> Andrii Nikitin <andrii.nikitin@mariadb.com>
Angelique Sklavounos (MariaDB Corporation) <angelique.sklavounos@mariadb.com> asklavou <angelique.sklavounos@mariadb.com>
Angelique Sklavounos (MariaDB Corporation) <angelique.sklavounos@mariadb.com> Angelique <angelique.sklavounos@mariadb.com>
Axel Schwenke (MariaDB Corporation) <axel@mariadb.com> Axel Schwenke <axel@mariadb.com>
Brandon Nesterenko (MariaDB Corporation) <brandon.nesterenko@mariadb.com> Brandon Nesterenko <brandon.nesterenko@mariadb.com>
Chris Calender (MariaDB Corporation) <chris@mariadb.com> Chris Calender <chris@mariadb.com>
Chris Calender (MariaDB Corporation) <chriscalender@gmail.com> Chris Calender <chriscalender@gmail.com>
Chris Calender (MariaDB Corporation) <chriscalender@gmail.com> chriscalender <chriscalender@gmail.com>
Daniel Bartholomew (MariaDB Corporation) <dbart@mariadb.com> Daniel Bartholomew <db@dbart.us>
Daniel Bartholomew (MariaDB Corporation) <daniel@gandalf> Daniel Bartholomew <daniel@gandalf>
Dmitry Shulga (MariaDB Corporation) <dmitry.shulga@mariadb.com> Dmitry Shulga <dmitry.shulga@mariadb.com>
Elena Stepanova (MariaDB Corporation) <elenst@mariadb.com> Elena Stepanova <elenst@montyprogram.com>
Elena Stepanova (MariaDB Corporation) <elenst@wheezy-64.home> Elena Stepanova <elenst@wheezy-64.home>
Elena Stepanova (MariaDB Corporation) <elenst@gmail.com> Elena Stepanova <elenst@gmail.com>
Elena Stepanova (MariaDB Corporation) <elenst@ubuntu11.home> Elena Stepanova <elenst@ubuntu11.home>
Elena Stepanova (MariaDB Corporation) <elenst@linux-0bhr.suse> Elena Stepanova <elenst@linux-0bhr.suse>
Elena Stepanova (MariaDB Corporation) <elenst@mariadb.com> Elena Stepanova <elenst@mariadb.com>
Elena Stepanova (MariaDB Corporation) <elenst@jessie.home> Elena Stepanova <elenst@jessie.home>
Elena Stepanova (MariaDB Corporation) <elenst@opensuse.home> Elena Stepanova <elenst@opensuse.home>
Eugene Kosov (MariaDB Corporation) <claprix@yandex.ru> Eugene Kosov <claprix@yandex.ru>
Eugene Kosov (MariaDB Corporation) <eugene.kosov@mariadb.com> Eugene Kosov <eugene.kosov@mariadb.com>
Galina Shalygina (MariaDB Corporation) <galina.shalygina@mariadb.com> Galina Shalygina <galina.shalygina@mariadb.com>
Galina Shalygina (MariaDB Corporation) <galashalygina@gmail.com> Galina Shalygina <galashalygina@gmail.com>
Galina Shalygina (MariaDB Corporation) <galina.shalygina@mariadb.org> Galina Shalygina <galina.shalygina@mariadb.org>
Geoff Montee (MariaDB Corporation) <geoff.montee@gmail.com> Geoff Montee <geoff.montee@gmail.com>
Georg Richter (MariaDB Corporation) <georg@mariadb.com> Georg Richter <georg@mariadb.com>
Hartmut Holzgraefe (MariaDB Corporation) <hartmut@mariadb.com> Hartmut Holzgraefe <hartmut@php.net>
Hartmut Holzgraefe (MariaDB Corporation) <hartmut@mariadb.com> Hartmut Holzgraefe <hartmut@mariadb.com>
Hartmut Holzgraefe (MariaDB Corporation) <50832275+hartmut-mariadb@users.noreply.github.com> Hartmut Holzgraefe <50832275+hartmut-mariadb@users.noreply.github.com>
Igor Babaev (MariaDB Corporation) <igor@mariadb.com> Igor Babaev <igor@askmonty.org>
Jacob Mathew (MariaDB Corporation) <jacob.mathew@mariadb.com> Jacob Mathew <jacob.mathew@mariadb.com>
Jan Lindström (MariaDB Corporation) <jan.lindstrom@mariadb.com> Jan Lindström <jan.lindstrom@mariadb.com>
Jan Lindström (MariaDB Corporation) <jplindst@mariadb.org> Jan Lindström <jplindst@mariadb.org>
Jan Lindström (MariaDB Corporation) <jan.lindstrom@skysql.com> Jan Lindström <jan.lindstrom@skysql.com>
Julius Goryavsky (MariaDB Corporation) <julius.goryavsky@mariadb.com> Julius Goryavsky <julius.goryavsky@mariadb.com>
Julius Goryavsky (MariaDB Corporation) <sysprg@gmail.com> sysprg <sysprg@gmail.com>
Julius Goryavsky (MariaDB Corporation) <sysprg@gmail.com> Julius Goryavsky <sysprg@gmail.com>
Lawrin Novitsky (MariaDB Corporation) <lawrin.novitsky@mariadb.com> Lawrin Novitsky <lawrin.novitsky@mariadb.com>
Lena Startseva (MariaDB Corporation) <lena.startseva@mariadb.com> Lena Startseva <lena.startseva@mariadb.com>
Marko Mäkelä (MariaDB Corporation) <marko.makela@mariadb.com> Marko Mäkelä <marko.makela@mariadb.com>
Markus Mäkelä (MariaDB Corporation) <markus456@gmail.com> Markus Mäkelä <markus456@gmail.com>
Matthias Leich (MariaDB Corporation) <Matthias.Leich@mariadb.com> mleich1 <Matthias.Leich@mariadb.com>
Nirbhay Choubey (MariaDB Corporation) <nirbhay@mariadb.com> Nirbhay Choubey <nirbhay@mariadb.com>
Nirbhay Choubey (MariaDB Corporation) <nirbhay@skysql.com> Nirbhay Choubey <nirbhay@skysql.com>
Nirbhay Choubey (MariaDB Corporation) <nirbhay.choubey@gmail.com> Nirbhay Choubey <nirbhay.choubey@gmail.com>
Oleg Smirnov (MariaDB Corporation) <olernov@gmail.com> Oleg Smirnov <olernov@gmail.com>
Oleg Smirnov (MariaDB Corporation) <oleg.smirnov@mariadb.com> Oleg Smirnov <oleg.smirnov@mariadb.com>
Oleksandr Byelkin (MariaDB Corporation) <sanja@mariadb.com> Oleksandr Byelkin <sanja@mariadb.com>
Oleksandr Byelkin (MariaDB Corporation) <sanja@askmonty.org> unknown <sanja@askmonty.org>
Oleksandr Byelkin (MariaDB Corporation) <sanja@montyprogram.com> unknown <sanja@montyprogram.com>
Oleksandr Byelkin (MariaDB Corporation) <sanja.byelkin@gmail.com> Oleksandr "Sanja" Byelkin <sanja.byelkin@gmail.com>
Oleksandr Byelkin (MariaDB Corporation) <sanja@sanjaLaptopT> Oleksandr Byelkin <sanja@sanjaLaptopT>
Oleksandr Byelkin (MariaDB Corporation) <sanja@askmonty.org> Oleksandr Byelkin <sanja@askmonty.org>
Oleksandr Byelkin (MariaDB Corporation) <sanja@mariadb.org> Oleksandr Byelkin <sanja@mariadb.org>
Patrick LeBlanc (MariaDB Corporation) <patrick.leblanc@mariadb.com> Patrick LeBlanc <patrick.leblanc@mariadb.com>
Ramesh Sivaraman (MariaDB Corporation) <ramesh.sivaraman@mariadb.com> Ramesh Sivaraman <ramesh.sivaraman@mariadb.com>
Rasmus Johansson (MariaDB Corporation) <rasmus@mariadb.com> Rasmus Johansson <rasmus@mariadb.com>
Rasmus Johansson (MariaDB Corporation) <razze@iki.fi> Rasmus Johansson <razze@iki.fi>
Rasmus Johansson (MariaDB Corporation) <ratzpo@gmail.com> Rasmus Johansson <ratzpo@gmail.com>
Rex Johnston (MariaDB Corporation) <rex.johnston@mariadb.com> Rex <rex.johnston@mariadb.com>
Roman Nozdrin (MariaDB Corporation) <roman.nozdrin@mariadb.com> Roman Nozdrin <roman.nozdrin@mariadb.com>
Roman Nozdrin (MariaDB Corporation) <rnozdrin@mariadb.com> Roman Nozdrin <rnozdrin@mariadb.com>
Rucha Deodhar (MariaDB Corporation) <rucha.deodhar@mariadb.com> rucha174 <rucha.deodhar@mariadb.com>
Rucha Deodhar (MariaDB Corporation) <rucha.deodhar@mariadb.com> Rucha Deodhar <rucha.deodhar@mariadb.com>
Sachin Kumar (MariaDB Corporation) <sachin.setiya@mariadb.com> Sachin Kumar <sachin.setiya@mariadb.com>
Sachin Setiya (MariaDB Corporation) <sachin.setiya@mariadb.com> Sachin Setiya <sachin.setiya@maridb.com>
Sachin Setiya (MariaDB Corporation) <sachin.setiya@mariadb.com> sachin <sachin.setiya@mariadb.com>
Sachin Setiya (MariaDB Corporation) <sachin.setiya@mariadb.com> Sachin Setiya <sachin.setiya@mariadb.com>
Sachin Setiya (MariaDB Corporation) <sachin.setiya@maridb.com> sachin <sachin.setiya@maridb.com>
Sachin Setiya (MariaDB Corporation) <sachinsetia1001@gmail.com> Sachin Setiya <sachinsetia1001@gmail.com>
Sachin Setiya (MariaDB Corporation) <sachinsetia1001@gmail.com> SachinSetiya <sachinsetia1001@gmail.com>
Sachin Setiya (MariaDB Corporation) <sachinsetia1001@gmail.com> sachinsetia1001@gmail.com <sachinsetia1001@gmail.com>
Sachin Setiya (MariaDB Corporation) <sachinsetia1001@gmail.com> Sachin <sachinsetia1001@gmail.com>
Sergei Golubchik (MariaDB Corporation) <serg@mariadb.com> Sergei Golubchik <serg@mariadb.org>
Sergei Golubchik (MariaDB Corporation) <sergii@pisem.net> Sergei Golubchik <sergii@pisem.net>
Sergei Golubchik (MariaDB Corporation) <vuvova@gmail.com> Sergei Golubchik <vuvova@gmail.com>
Sergei Golubchik (MariaDB Corporation) <serg@mariadb.com> Sergei Golubchik <serg@mariadb.com>
Sergei Petrunia (MariaDB Corporation) <psergey@mariadb.com> Sergei Petrunia <psergey@askmonty.org>
Sergey Petrunya (MariaDB Corporation) <psergey@askmonty.org> Sergey Petrunya <psergey@askmonty.org>
Sergei Petrunia (MariaDB Corporation) <sergey@mariadb.com> Sergei Petrunia <sergey@mariadb.com>
Sidney Cammeresi (MariaDB Corporation) <sac@mariadb.com> Sidney Cammeresi <sac@mariadb.com>
Stepan Patryshev (MariaDB Corporation) <stepan.patryshev@mariadb.com> Stepan Patryshev <stepan.patryshev@mariadb.com>
Sujatha Sivakumar (MariaDB Corporation) <sujatha.sivakumar@mariadb.com> Sujatha Sivakumar <sujatha.sivakumar@mariadb.com>
Sujatha Sivakumar (MariaDB Corporation) <sujatha.sivakumar@mariadb.com> Sujatha <sujatha.sivakumar@mariadb.com>
Thirunarayanan Balathandayuthapani (MariaDB Corporation) <thiru@mariadb.com>
Varun Gupta (MariaDB Corporation) <varun@mariadb.com> Varun Gupta <varunraiko1803@gmail.com>
Varun Gupta (MariaDB Corporation) <varun.gupta@mariadb.com> Varun Gupta <varun.gupta@mariadb.com>
Varun Gupta (MariaDB Corporation) <varun.gupta@mariadb.com> Varun <varun.gupta@mariadb.com>
Vladislav Vaintroub (MariaDB Corporation) <wlad@mariadb.com> Vladislav Vaintroub <wlad@mariadb.com>
Vladislav Vaintroub (MariaDB Corporation) <vvaintroub@gmail.com> Vladislav Vaintroub <vvaintroub@gmail.com>
Vladislav Vaintroub (MariaDB Corporation) <wlad@localhost.localdomain> wlad <wlad@localhost.localdomain>
Vladislav Vaintroub (MariaDB Corporation) <vvaintroub@googlemail.com> Vladislav Vaintroub <vvaintroub@googlemail.com>
Vladislav Vaintroub (MariaDB Corporation) <wlad@montyprogram.com> Vladislav Vaintroub <wlad@montyprogram.com>
Vladislav Vaintroub (MariaDB Corporation) <vvaintroub@pcbsd> Vladislav Vaintroub <vvaintroub@pcbsd>
Vladislav Vaintroub (MariaDB Corporation) <wlad@bb04.mariadb.net> wlad <wlad@bb04.mariadb.net>
Yuchen Pei (MariaDB Corporation) <ycp@mariadb.com> Yuchen Pei <ycp@mariadb.com>
Yuchen Pei (MariaDB Corporation) <yuchen.pei@mariadb.com> Yuchen Pei <yuchen.pei@mariadb.com>
Zdravelina Sokolovska (MariaDB Corporation) <zdravelina.sokolovska@mariadb.com> zdrav1 <zdravelina.sokolovska@mariadb.com>

Andrew Hutchings (MariaDB Foundation) <andrew@mariadb.org> Andrew Hutchings <andrew@mariadb.org>
Anel Husakovic (MariaDB Foundation) <anelhusakovic88@gmail.com> Anel Husakovic <anelhusakovic88@gmail.com>
Anel Husakovic (MariaDB Foundation) <anel@mariadb.org> Anel Husakovic <anel@mariadb.org>
Anel Husakovic (MariaDB Foundation) <Anel Husakovic> Anel Husakovic <Anel Husakovic>
Anel Husakovic (MariaDB Foundation) <anel@mariadb.org> anel <anel@mariadb.org>
Anel Husakovic (MariaDB Foundation) <an3l@users.noreply.github.com> Anel <an3l@users.noreply.github.com>
Dan Solodko (MariaDB Foundation) <dan@mariadb.org> Dan Solodko <dan@mariadb.org>
Daniel Black (MariaDB Foundation) <daniel@mariadb.org> Daniel Black <daniel@mariadb.org>
Faustin Lammler (MariaDB Foundation)  <faustin@fala.red> Faustin Lammler <faustin@fala.red>
Faustin Lammler (MariaDB Foundation) <faustin@fala.red> faust <faustin@fala.red>
Faustin Lammler (MariaDB Foundation) <faustin@falared.net> Faustin Lammler <faustin@falared.net>
Ian Gilfillan (MariaDB Foundation) <ian@mariadb.org> Ian Gilfillan <github@greenman.co.za>
Ian Gilfillan (MariaDB Foundation) <github@greenman.co.za> iangilfillan <github@greenman.co.za>
Ian Gilfillan (MariaDB Foundation) <github@greenman.co.za> =Ian Gilfillan <github@greenman.co.za>
Lixun Peng (MariaDB Foundation) <lixun@mariadb.org> Lixun Peng <lixun@mariadb.org>
Lixun Peng (MariaDB Foundation) <P.Linux@163.com> Lixun Peng <P.Linux@163.com>
Michael Widenius (MariaDB Corporation and MariaDB Foundation) <monty@mariadb.org> Monty <monty@mariadb.org>
Michael Widenius (MariaDB Corporation and MariaDB Foundation) <monty@mariadb.org> Michael Widenius <monty@mariadb.org>
Michael Widenius (MariaDB Corporation and MariaDB Foundation) <monty@askmonty.org> Michael Widenius <monty@askmonty.org>
Otto Kekäläinen (MariaDB Foundation) <otto@mariadb.org> Otto Kekäläinen <otto@mariadb.org>
Otto Kekäläinen (MariaDB Foundation) <otto@seravo.fi> Otto Kekäläinen <otto@seravo.fi>
Otto Kekäläinen (MariaDB Foundation) <otto.kekalainen@seravo.fi> Otto Kekäläinen <otto.kekalainen@seravo.fi>
Robert Bindar (MariaDB Foundation) <robert@mariadb.org> Robert Bindar <robert@mariadb.org>
Rutuja Surve (MariaDB Foundation) <rutuja.r.surve@gmail.com> Rutuja Surve <rutuja.r.surve@gmail.com>
Sergey Vojtovich (MariaDB Foundation) <svoj@mariadb.org> Sergey Vojtovich <svoj@mariadb.org>
Sergey Vojtovich (MariaDB Foundation) <svoj@mariadb.org> Sergey <svoj@mariadb.org>
Teodor Mircea Ionita (MariaDB Foundation) <teodor@mariadb.org> Teodor Mircea Ionita <teodor@mariadb.org>
Teodor Mircea Ionita (MariaDB Foundation) <teodor@mariadb.org> Shinnok <teodor@mariadb.org>
Vesa Pentti (MariaDB Corporation) <vesa.pentti@mariadb.com> Vesa Pentti <vesa.pentti@mariadb.com>
Vesa Pentti (MariaDB Corporation) <vesa.pentti@mariadb.net> Vesa Pentti <vesa.pentti@mariadb.net>
Vicențiu Ciorbaru (MariaDB Foundation) <vicentiu@mariadb.org> Vicentiu Ciorbaru <vicentiu@mariadb.org>
Vicențiu Ciorbaru (MariaDB Foundation) <vicentiu@mariadb.org> Vicențiu Ciorbaru (MariaDB Foundation)
Vicențiu Ciorbaru (MariaDB Foundation) <cvicentiu@gmail.com> Vicențiu Ciorbaru <cvicentiu@gmail.com>
Vicențiu Ciorbaru (MariaDB Foundation) <cvicentiu@gmail.com> Vicențiu-Marian Ciorbaru <cvicentiu@gmail.com>
Vicențiu Ciorbaru (MariaDB Foundation) <cvicentiu@gmail.com> Vicentiu Ciorbaru <cvicentiu@gmail.com>

Anson Chung (Amazon) <ansodchu@amazon.com> Anson Chung <ansodchu@amazon.com>
Christian Gonzalez (Amazon) <gondchri@amazon.com> Christian Gonzalez <gondchri@amazon.com>
Daniel Lenski (Amazon) <dlenski@amazon.com> Daniel Lenski <dlenski@amazon.com>
Haidong Ji (Amazon) <haidongj@amazon.com> Haidong Ji <haidongj@amazon.com>
Meng-Hsiu Chiang (Amazon) <cmenghsi@amazon.com> Meng-Hsiu Chiang <cmenghsi@amazon.com>
Hugo Wen (Amazon) <wenhug@amazon.com> Hugo Wen <wenhug@amazon.com>
Lorna Luo (Amazon) <lornaluo@amazon.com> Lorna Luo <lornaluo@amazon.com>
Mikhail Chalov (Amazon) <mcchalov@amazon.com> Mikhail Chalov <mcchalov@amazon.com>
Michael Qin (Amazon) <qinmic@amazon.com> Michael Qin <qinmic@amazon.com>
Nicholas Othieno (Amazon) <nothieno@amazon.com> Nicholas Othieno <nothieno@amazon.com>
Otto Kekäläinen (Amazon) <ottoke@amazon.com> Otto Kekalainen <ottoke@amazon.com>
Otto Kekäläinen (Amazon) <ottoke@amazon.com> Otto Kekäläinen <ottoke@amazon.com>
Otto Kekäläinen (Amazon) <otto@amazon.com> Otto Kekalainen <otto@amazon.com>
Robin Newhouse (Amazon) <robinnew@amazon.com> Robin Newhouse <robinnew@amazon.com>
Robin Newhouse (Amazon) <robinnewhouse@gmail.com> Robin Newhouse <robinnewhouse@gmail.com>
Tingyao Nian (Amazon) <tingynia@amazon.com> Ting Nian <tingynia@amazon.com>
Tingyao Nian (Amazon) <tingynia@amazon.com> Tingyao Nian <tingynia@amazon.com>_
Tzachi Zidenberg (Amazon) <tsahee@amazon.com> Tzachi Zidenberg <tsahee@amazon.com>
Xinyi Hong (Amazon) <hongxiny@amazon.com> Xinyi Hong <hongxiny@amazon.com>
Vincent Dufrasnes (Amazon) <dufravin@amazon.com> Vincent Dufrasnes <dufravin@amazon.com>
Zhibo Zhang (Amazon) <zhibo@amazon.com> Zhibo Zhang <zhibo@amazon.com>

Eric Herman (Booking.com) <eric@freesa.org> Eric Herman <eric@freesa.org>
Simon Mudd (Booking.com) <sjmudd@pobox.com> Simon J Mudd <sjmudd@pobox.com>

Anton Blanchard (IBM) <anton@au.ibm.com> Anton Blanchard <anton@au.ibm.com>
Daniel Black (IBM) <daniel.black@au.ibm.com> Daniel Black <daniel.black@au1.ibm.com>
Daniel Black (IBM) <daniel.black@au.ibm.com> Daniel Black <daniel@linux.vnet.ibm.com>
Daniel Black (IBM) <daniel.black@au.ibm.com> Daniel Black <danielgb@au.ibm.com>
Daniel Black (IBM) <daniel.black@au.ibm.com> Daniel Black <grooverdan@users.sourceforge.net>
Daniel Black (IBM) <daniel.black@au.ibm.com> Daniel Black <daniel.black@au.ibm.com>
Daniel Black (IBM) <daniel@linux.ibm.com> Daniel Black <daniel@linux.ibm.com>
Namrata Bhave (IBM) <Namrata.Bhave@ibm.com> Namrata Bhave <Namrata.Bhave@ibm.com>
Nayana Thorat (IBM) <nthorat@us.ibm.com> Nayana Thorat <nthorat@us.ibm.com>
Tulio Magno Quites Machado Filho (IBM) <tuliom@linux.ibm.com> Tulio Magno Quites Machado Filho <tuliom@linux.ibm.com>


Aakanksha Verma (Oracle) <aakanksha.verma@oracle.com> Aakanksha Verma <aakanksha.verma@oracle.com>
Aditya A (Oracle) <aditya.a@oracle.com> Aditya A <aditya.a@oracle.com>
Aditya A (Oracle) <aditya.a@oracle.com> aditya <aditya.a@oracle.com>
Ajo Robert (Oracle) <ajo.robert@oracle.com> Ajo Robert <ajo.robert@oracle.com>
Akhila Maddukuri (Oracle) <akhila.x.maddukuri@oracle.com> Akhila Maddukuri <akhila.x.maddukuri@oracle.com>
Alexander Nozdrin (Oracle) <alexander.nozdrin@oracle.com> Alexander Nozdrin <alexander.nozdrin@oracle.com>
Allen Lai (Oracle) <zheng.lai@oracle.com> Allen Lai <zheng.lai@oracle.com>
Andrei Elkin (Oracle) <andrei.elkin@oracle.com> Andrei Elkin <andrei.elkin@oracle.com>
Anil Toshniwal (Oracle) <anil.toshniwal@oracle.com> Anil Toshniwal <anil.toshniwal@oracle.com>
Anirudh Mangipudi (Oracle) <anirudh.mangipudi@oracle.com> Anirudh Mangipudi <anirudh.mangipudi@oracle.com>
Annamalai Gurusami (Oracle) <annamalai.gurusami@oracle.com> Annamalai Gurusami <annamalai.gurusami@oracle.com>
Anushree Prakash B (Oracle) <anushree.prakash.b@oracle.com> Anushree Prakash B <anushree.prakash.b@oracle.com>
Arun Kuruvila (Oracle) <arun.kuruvila@oracle.com> Arun Kuruvila <arun.kuruvila@oracle.com>
Ashish Agarwal (Oracle) <ashish.y.agarwal@oracle.com> Ashish Agarwal <ashish.y.agarwal@oracle.com>
Astha Pareek (Oracle) <astha.pareek@oracle.com> Astha Pareek <astha.pareek@oracle.com>
Atanu Ghosh (Oracle) <atanu.ghosh@oracle.com> Atanu Ghosh <atanu.ghosh@oracle.com>
Balasubramanian Kandasamy (Oracle) <balasubramanian.kandasamy@oracle.com> Balasubramanian Kandasamy <balasubramanian.kandasamy@oracle.com>
Balasubramanian Kandasamy (Oracle) <balasubramanian.kandasamy@oracle.com> balasubramanian.kandasamy@oracle.com <>
Balasubramanian Kandasamy (Oracle) <balasubramanian.kandasamy@oracle.com> unknown <balasubramanian.kandasamy@oracle.com>
Balasubramanian Kandasamy (Oracle) <balasubramanian.kandasamy@oracle.com> Bala <balasubramanian.kandasamy@oracle.com>
Bharathy Satish (Oracle) <bharathy.x.satish@oracle.com> Bharathy Satish <bharathy.x.satish@oracle.com>
Bill Qu (Oracle) <bill.qu@Oracle.com> Bill Qu <bill.qu@Oracle.com>
Bin Su (Oracle) <bin.x.su@oracle.com> Bin Su <bin.x.su@oracle.com>
Bin X (Oracle) <bin.x.su@oracle.com> bin.x.su@oracle.com <>
Bin X (Oracle)  <bin.x.su@oracle.com> unknown <bin.x.su@oracle.com>
Bjorn Munch (Oracle) <bjorn.munch@oracle.com> Bjorn Munch <bjorn.munch@oracle.com>
Chaithra Reddy (Oracle) <chaithra.gopalareddy@oracle.com> Chaithra Reddy <chaithra.gopalareddy@oracle.com>
Chaithra Gopalareddy (Oracle) <chaithra.gopalareddy@oracle.com> Chaithra Gopalareddy <chaithra.gopalareddy@oracle.com>
Christopher Powers (Oracle) <chris.powers@oracle.com> Christopher Powers <chris.powers@oracle.com>
Daniel Blanchard (Oracle) <daniel.blanchard@oracle.com> Daniel Blanchard <daniel.blanchard@oracle.com>
Daniel Fischer (Oracle) <daniel.fischer@oracle.com> Daniel Fischer <daniel.fischer@oracle.com>
Darshan M N (Oracle) <darshan.m.n@oracle.com> Darshan M N <darshan.m.n@oracle.com>
Debarun Banerjee (Oracle) <debarun.banerjee@oracle.com> Debarun Banerjee <debarun.banerjee@oracle.com>
Deepa Dixit (Oracle) <deepa.dixit@oracle.com> Deepa Dixit <deepa.dixit@oracle.com>
Deepthi Eranti_Sreenivas (Oracle)<deepthi.e.s@oracle.com> Deepthi Eranti_Sreenivas <deepthi.e.s@oracle.com>
Dmitry Lenev (Oracle) <Dmitry.Lenev@oracle.com> Dmitry Lenev <Dmitry.Lenev@oracle.com>
Dyre Tjeldvoll (Oracle) <Dyre.Tjeldvoll@oracle.com> Dyre Tjeldvoll <Dyre.Tjeldvoll@oracle.com>
Erlend Dahl (Oracle) <erlend.dahl@oracle.com> Erlend Dahl <erlend.dahl@oracle.com>
Georgi Kodinov (Oracle) <georgi.kodinov@oracle.com> Georgi Kodinov <georgi.kodinov@oracle.com>
Gipson Pulla (Oracle) <gipson.pulla@oracle.com> Gipson Pulla <gipson.pulla@oracle.com>
Gleb Shchepa (Oracle) <gleb.shchepa@oracle.com> Gleb Shchepa <gleb.shchepa@oracle.com>
Gopal Shankar (Oracle) <gopal.shankar@oracle.com> Gopal Shankar <gopal.shankar@oracle.com>
Guilhem Bichot (Oracle) <guilhem.bichot@oracle.com> Guilhem Bichot <guilhem.bichot@oracle.com>
Harin Vadodaria (Oracle) <harin.vadodaria@oracle.com> Harin Vadodaria <harin.vadodaria@oracle.com>
Hery Ramilison (Oracle) <hery.ramilison@oracle.com> Hery Ramilison <hery.ramilison@oracle.com>
Hery Ramilison (Oracle) <hery.ramilison@oracle.com> unknown <hery.ramilison@oracle.com>
Hery Ramilison (Oracle) <hery.ramilison@oracle.com> hery.ramilison@oracle.com <>
Horst Hunger (Oracle) <horst.hunger@oracle.com> Horst Hunger <horst.hunger@oracle.com>
Igor Solodovnikov (Oracle) <igor.solodovnikov@oracle.com> Igor Solodovnikov <igor.solodovnikov@oracle.com>
Inaam Rana (Oracle) <inaam.rana@oracle.com> Inaam Rana <inaam.rana@oracle.com>
Ivo Roylev (Oracle) <ivo.roylev@oracle.com> Ivo Roylev <ivo.roylev@oracle.com>
Jimmy Yang (Oracle) <jimmy.yang@oracle.com> Jimmy Yang <jimmy.yang@oracle.com>
Joao Gamacho (Oracle) <joao.gramacho@oracle.com> Joao Gramacho <joao.gramacho@oracle.com>
Jon Olav Hauglid (Oracle) <jon.hauglid@oracle.com> Jon Olav Hauglid <jon.hauglid@oracle.com>
Jorgen Loland (Oracle) <jorgen.loland@oracle.com> Jorgen Loland <jorgen.loland@oracle.com>
Kailasnath Nagarkar (Oracle) <kailasnath.nagarkar@oracle.com> Kailasnath Nagarkar <kailasnath.nagarkar@oracle.com>
Karthik Kamath (Oracle) <karthik.kamath@oracle.com> Karthik Kamath <karthik.kamath@oracle.com>
Kent Boortz (Oracle) <kent.boortz@oracle.com> Kent Boortz <kent.boortz@oracle.com>
Kevin Lewis (Oracle) <kevin.lewis@oracle.com> unknown <kevin.lewis@oracle.com>
Kevin Lewis (Oracle) <kevin.lewis@oracle.com> kevin.lewis@oracle.com <>
Knut Anders Hatlen (Oracle) <knut.hatlen@oracle.com> Knut Anders Hatlen <knut.hatlen@oracle.com>
Kristofer Pettersson (Oracle) <kristofer.pettersson@oracle.com> Kristofer Pettersson <kristofer.pettersson@oracle.com>
Krunal Bauskar (Oracle) <krunal.bauskar@oracle.com> Krunal Bauskar krunal.bauskar@oracle.com <Unknown>
Krunal Bauskar (Oracle) <krunal.bauskar@oracle.com> Krunal Bauskar krunal.bauskar@oracle.com <>
Laasya Moduludu (Oracle) <laasya.moduludu@oracle.com> unknown <laasya.moduludu@oracle.com>
Laasya Moduludu (Oracle) <laasya.moduludu@oracle.com> laasya.moduludu@oracle.com <>
Lars Tangvald (Oracle) <lars.tangvald@oracle.com> Lars Tangvald <lars.tangvald@oracle.com>
Libing Song (Oracle) <libing.song@oracle.com> Libing Song <libing.song@oracle.com>
Luis Soares (Oracle) <luis.soares@oracle.com> Luis Soares <luis.soares@oracle.com>
Magnus Blaudd (Oracle) <magnus.blaudd@oracle.com> magnus.blaudd@oracle.com <>
Magnus Blaudd (Oracle) <magnus.blaudd@oracle.com> unknown <magnus.blaudd@oracle.com>
Maheedhar PV (Oracle) <maheedhar.panchalamarri.venka@oracle.com> Maheedhar PV <maheedhar.panchalamarri.venka@oracle.com>
Maitrayi Sabaratnam (Oracle) <maitrayi.sabaratnam@oracle.com> Maitrayi Sabaratnam <maitrayi.sabaratnam@oracle.com>
Manish Kumar (Oracle) <manish.4.kumar@oracle.com> Manish Kumar <manish.4.kumar@oracle.com>
Marc Alff (Oracle) <marc.alff@oracle.com> Marc Alff <marc.alff@oracle.com>
Marcin Babij (Oracle) <marcin.babij@oracle.com> Marcin Babij <marcin.babij@oracle.com>
Marko Mäkela (Oracle) <marko.makela@oracle.com> Marko Makela <marko.makela@oracle.com>
Marko Mäkelä (Oracle) <marko.makela@oracle.com> Marko Mäkelä <marko.makela@oracle.com>
Martin Hansson (Oracle) <martin.hansson@oracle.com> Martin Hansson <martin.hansson@oracle.com>
Mattias Jonsson (Oracle) <mattias.jonsson@oracle.com> Mattias Jonsson <mattias.jonsson@oracle.com>
Mauritz Sundell (Oracle) <mauritz.sundell@oracle.com> Mauritz Sundell <mauritz.sundell@oracle.com>
Mayank Prasad (Oracle) <mayank.prasad@oracle.com> Mayank Prasad <mayank.prasad@oracle.com>
Michael Izioumtchenko (Oracle) <michael.izioumtchenko@oracle.com> michael.izioumtchenko@oracle.com <>
Michael Izioumtchenko (Oracle) <michael.izioumtchenko@oracle.com> unknown <michael.izioumtchenko@oracle.com>
Mithun C Y (Oracle) <mithun.c.y@oracle.com> Mithun C Y <mithun.c.y@oracle.com>
Mithun C Y (Oracle) <mithun.c.y@oracle.com> mithun <mithun.c.y@oracle.com>
Murthy Narkedimilli (Oracle) <murthy.narkedimilli@oracle.com> Murthy Narkedimilli <murthy.narkedimilli@oracle.com>
Murthy Narkedimilli (Oracle) <murthy.narkedimilli@oracle.com> unknown <murthy.narkedimilli@oracle.com>
Murthy Narkedimilli (Oracle) <murthy.narkedimilli@oracle.com> murthy.narkedimilli@oracle.com <>
mysql-builder (Oracle) <mysql-builder@oracle.com> mysql-builder@oracle.com <>
mysql-builder (Oracle) <mysql-builder@oracle.com> unknown <mysql-builder@oracle.com>
Namit Sharma (Oracle) <namit.sharma@oracle.com> Namit Sharma <namit.sharma@oracle.com>
Nawaz Nazeer Ahamed (Oracle) <nawaz.nazeer.ahamed@oracle.com> Nawaz Nazeer Ahamed <nawaz.nazeer.ahamed@oracle.com>
Neeraj Bisht (Oracle) <neeraj.x.bisht@oracle.com> Neeraj Bisht <neeraj.x.bisht@oracle.com>
Neha Kumari (Oracle) <neha.n.kumari@oracle.com> Neha Kumari <neha.n.kumari@oracle.com>
Nikša Skeledžija (Oracle) <niksa.skeledzija@oracle.com> Nikša Skeledžija <niksa.skeledzija@oracle.com>
Nirbhay Choubey (Oracle) <nirbhay.choubey@oracle.com> Nirbhay Choubey <nirbhay.choubey@oracle.com>
Nisha Gopalakrishnan (Oracle) <nisha.gopalakrishnan@oracle.com> Nisha <nisha.gopalakrishnan@oracle.com>
Nisha Gopalakrishnan (Oracle) <nisha.gopalakrishnan@oracle.com> Nisha Gopalakrishnan <nisha.gopalakrishnan@oracle.com>
Nuno Carvalho (Oracle) <nuno.carvalho@oracle.com> Nuno Carvalho <nuno.carvalho@oracle.com>
Olav Sandstaa (Oracle) <olav.sandstaa@oracle.com> Olav Sandstaa <olav.sandstaa@oracle.com>
Pavan Naik (Oracle) <pavan.naik@oracle.com> Pavan Naik <pavan.naik@oracle.com>
Pedro Gomes (Oracle) <pedro.gomes@oracle.com> Pedro Gomes <pedro.gomes@oracle.com>
Piotr Obrzut (Oracle) <piotr.obrzut@oracle.com> Piotr Obrzut <piotr.obrzut@oracle.com>
Prabakaran Thirumalai (Oracle) <prabakaran.thirumalai@oracle.com> prabakaran thirumalai <prabakaran.thirumalai@oracle.com>
Prashant Tekriwal (Oracle) <prashant.tekriwal@oracle.com> Prashant Tekriwal <prashant.tekriwal@oracle.com>
Praveenkumar Hulakund (Oracle) <praveenkumar.hulakund@oracle.com> Praveenkumar Hulakund <praveenkumar.hulakund@oracle.com>
Praveenkumar Hulakund (Oracle) <praveenkumar.hulakund@oracle.com> Praveenkumar.Hulakund <praveenkumar.hulakund@oracle.com>
Raghav Kapoor (Oracle) <raghav.kapoor@oracle.com> Raghav Kapoor <raghav.kapoor@oracle.com>
Rahul Malik (Oracle) <rahul.m.malik@oracle.com> rahul malik <rahul.m.malik@oracle.com>
Ramesh Maddali (Oracle) <ramesh.maddali@oracle.com> ramesh.maddali@oracle.com <>
Ramesh Maddali (Oracle) <ramesh.maddali@oracle.com> Ramesh Maddali <ramesh.maddali@oracle.com>
Ramesh Maddali (Oracle) <ramesh.maddali@oracle.com> unknown <ramesh.maddali@oracle.com>
Ramil Kalimullin (Oracle) <ramil.kalimullin@oracle.com> Ramil Kalimullin <ramil.kalimullin@oracle.com>
Ravinder Thakur (Oracle) <ravinder.thakur@oracle.com> Ravinder Thakur <ravinder.thakur@oracle.com>
Ritheesh Vedire (Oracle) <ritheesh.vedire@oracle.com> Ritheesh Vedire <ritheesh.vedire@oracle.com>
Robert Golebiowski (Oracle) <robert.golebiowski@oracle.com> Robert Golebiowski <robert.golebiowski@oracle.com>
Sachin Agarwal (Oracle) <sachin.z.agarwal@oracle.com> Sachin Agarwal <sachin.z.agarwal@oracle.com>
Satya Bodapati (Oracle) <satya.bodapati@oracle.com> Satya Bodapati <satya.bodapati@oracle.com>
Sayantan Dutta (Oracle) <sayantan.dutta@oracle.com> Sayantan Dutta <sayantan.dutta@oracle.com>
Sayantan Dutta (Oracle) <sayantan.dutta@oracle.com> sayantan.dutta@oracle.com <>
Sayantan Dutta (Oracle) <sayantan.dutta@oracle.com> unknown <sayantan.dutta@oracle.com>
Serge Kozlov (Oracle) <serge.kozlov@oracle.com> Serge Kozlov <serge.kozlov@oracle.com>
Sergey Glukhov (Oracle) <sergey.glukhov@oracle.com> Sergey Glukhov <sergey.glukhov@oracle.com>
Shaohua Wang (Oracle) <shaohua.wang@oracle.com> Shaohua Wang <shaohua.wang@oracle.com>
Shipra Jain (Oracle) <shipra.x.jain@oracle.com> Shipra Jain <shipra.x.jain@oracle.com>
Shishir Jaiswal (Oracle) <shishir.j.jaiswal@oracle.com> Shishir Jaiswal <shishir.j.jaiswal@oracle.com>
Shivji Kumar Jha (Oracle) <shivji.jha@oracle.com> Shivji Kumar Jha <shivji.jha@oracle.com>
Sivert Sorumgard (Oracle) <sivert.sorumgaard@oracle.com> Sivert Sorumgard <sivert.sorumgaard@oracle.com>
Sneha Modi (Oracle) <sneha.modi@oracle.com> Sneha Modi <sneha.modi@oracle.com>
Sreedhar Sreedhargadda (Oracle) <sreedhar.sreedhargadda@oracle.com> Sreedhar.S <sreedhar.sreedhargadda@oracle.com>
Sreedhar Sreedhargadda (Oracle) <sreedhar.sreedhargadda@oracle.com> Sreedhar S <sreedhar.sreedhargadda@oracle.com>
Sreeharsha Ramanavarapu (Oracle) <sreeharsha.ramanavarapu@oracle.com> Sreeharsha Ramanavarapu <sreeharsha.ramanavarapu@oracle.com>
Sreeharsha Ramanavarapu (Oracle) <sreeharsha.ramanavarapu@oracle.com> sreeharsha <sreeharsha.ramanavarapu@oracle.com>
Srikanth B R (Oracle) <srikanth.b.r@oracle.com> Srikanth B R <srikanth.b.r@oracle.com>
Shubhangi Garg (Oracle) <shubhangi.garg@oracle.com> Shubhangi Garg <shubhangi.garg@oracle.com>
Sujatha Sivakumar (Oracle) <sujatha.sivakumar@oracle.com> Sujatha Sivakumar <sujatha.sivakumar@oracle.com>
Sujatha Sivakumar (Oracle) <sujatha.sivakumar@oracle.com> s.sujatha <sujatha.sivakumar@oracle.com>
Sunanda Menon (Oracle) <sunanda.menon@oracle.com> sunanda.menon@oracle.com <>
Sunanda Menon (Oracle) <sunanda.menon@oracle.com> Sunanda Menon <sunanda.menon@oracle.com>
Sunanda Menon (Oracle) <sunanda.menon@oracle.com> unknown <sunanda.menon@oracle.com>
Sunny Bains (Oracle) <Sunny.Bains@Oracle.Com> Sunny Bains <Sunny.Bains@Oracle.Com>
Tatiana Azundris Nuernberg (Oracle) <tatjana.nuernberg@oracle.com> Tatiana Azundris Nuernberg <tatjana.nuernberg@oracle.com>
Terje Røsten (Oracle) <terje.rosten@oracle.com> Terje Rosten <terje.rosten@oracle.com>
Terje Røsten (Oracle) <terje.rosten@oracle.com> Terje Røsten <terje.rosten@oracle.com>
Thayumanavar S (Oracle) <thayumanavar.x.sachithanantha@oracle.com> Thayumanavar <thayumanavar.x.sachithanantha@oracle.com>
Thayumanavar S (Oracle) <thayumanavar.x.sachithanantha@oracle.com> Thayumanavar S <thayumanavar.x.sachithanantha@oracle.com>
Thirunarayanan Balathandayuthapani (Oracle) <thirunarayanan.balathandayuth@oracle.com> Thirunarayanan Balathandayuthapani <thirunarayanan.balathandayuth@oracle.com>
Thirunarayanan Balathandayuthapani (Oracle) <thirunarayanan.balathandayuth@oracle.com> Thirunarayanan B <thirunarayanan.balathandayuth@oracle.com>
Thirunarayanan Balathandayuthapani (Oracle) <thirunarayanan.balathandayuth@oracle.com> Thiru <thirunarayanan.balathandayuth@oracle.com>
Tor Didriksen (Oracle) <tor.didriksen@oracle.com> Tor Didriksen <tor.didriksen@oracle.com>
Vamsikrishna Bhagi (Oracle) <vamsikrishna.bhagi@oracle.com> Vamsikrishna Bhagi <vamsikrishna.bhagi@oracle.com>
Vasil Dimov (Oracle) <vasil.dimov@oracle.com> Vasil Dimov <vasil.dimov@oracle.com>
Vinay Fisrekar (Oracle) <vinay.fisrekar@oracle.com> Vinay Fisrekar <vinay.fisrekar@oracle.com>
Venkata Sidagam (Oracle) <venkata.sidagam@oracle.com> Venkata Sidagam <venkata.sidagam@oracle.com>
Venkata Sidagam (Oracle) <venkata.sidagam@oracle.com> V S Murthy Sidagam <venkata.sidagam@oracle.com>
Venkatesh Duggirala (Oracle) <venkatesh.duggirala@oracle.com> Venkatesh Duggirala <venkatesh.duggirala@oracle.com>
Venkatesh Venugopal (Oracle) <venkatesh.venugopal@oracle.com> Venkatesh Venugopal <venkatesh.venugopal@oracle.com>
Vishal Chaudhary (Oracle) <balasubramanian.kandasamy@oracle.com> Vishal Chaudhary <balasubramanian.kandasamy@oracle.com>
Yashwant Sahu (Oracle) <yashwant.sahu@oracle.com> Yashwant Sahu <yashwant.sahu@oracle.com>
Yasufumi Kinoshita (Oracle) <yasufumi.kinoshita@oracle.com> Yasufumi Kinoshita <yasufumi.kinoshita@oracle.com>

Aleksey Midenkov (MariaDB Corporation) <midenok@gmail.com> Aleksey Midenkov <midenok@gmail.com>
Nikita Malyavin (MariaDB Corporation) <nikitamalyavin@gmail.com> Nikita Malyavin <nikitamalyavin@gmail.com>

Florian Weimer (Red Hat) <fweimer@redhat.com> Florian Weimer <fweimer@redhat.com>
Honza Horak (Red Hat) <hhorak@redhat.com> Honza Horak <hhorak@redhat.com>
Jakub Dorňák (Red Hat) <jdornak@redhat.com> Jakub Dorňák <jdornak@redhat.com>
Michal Schorm (Red Hat) <mschorm@redhat.com> Michal Schorm <mschorm@redhat.com>
Michal Schorm (Red Hat) <mschorm@centrum.cz> FaramosCZ <mschorm@centrum.cz>
Robbie Harwood (Red Hat) <rharwood@redhat.com> Robbie Harwood <rharwood@redhat.com>

Natanael Copa (Alpine Linux) <ncopa@alpinelinux.org> Natanael Copa <ncopa@alpinelinux.org>

Erol Guven (Appian) <erol.guven@appian.com> Erol Guven <erol.guven@appian.com>

Rafli Akmal (Artix Linux) <thefallenrat@artixlinux.org> Rafli Akmal <thefallenrat@artixlinux.org>

Tony Reix (Atos) <tony.reix@atos.net> Tony Reix <tony.reix@atos.net>
Etienne Guesnet (Atos) <etienne.guesnet.external@atos.net> Etienne Guesnet <etienne.guesnet.external@atos.net>

Ashutosh Parida (Qualcomm) <aparida.qdt@qualcommdatacenter.com> Ashutosh Parida <aparida.qdt@qualcommdatacenter.com>

Anton Blanchard (Samba) <anton@samba.org> Anton Blanchard <anton@samba.org>

Ronak Jain (Microsoft) <ronakjain@outlook.in> Ronak Jain <ronakjain@outlook.in>
Howard Su (Microsoft) <howard0su@gmail.com> Howard Su <howard0su@gmail.com>
Jun Su (Microsoft) <junsu@microsoft.com> Jun Su <junsu@microsoft.com>
Jiaye Wu (Microsoft) <t-jiaywu@microsoft.com> Jiaye Wu <t-jiaywu@microsoft.com>

Michael Roosz (Check24) <michael.roosz@check24.de> Michael Roosz <michael.roosz@check24.de>

Sutou Kouhei (ClearCode) <kou@clear-code.com> Sutou Kouhei <kou@clear-code.com>
Yasuhiro Horimoto (ClearCode) <horimoto@clear-code.com> Yasuhiro Horimoto <horimoto@clear-code.com>

Alexey Yurchenko (Codership) <ayurchen@galeracluster.com>
Alexey Yurchenko (Codership) <ayurchen@gmail.com> Alexey Yurchenko <ayurchen@gmail.com>
Alexey Yurchenko (Codership) <alexey.yurchenko@galeracluster.com> Alexey Yurchenko <alexey.yurchenko@galeracluster.com>
Brave Galera Crew (Codership) <devel@codership.com> Brave Galera Crew <devel@codership.com>
Daniele Sciascia (Codership) <daniele.sciascia@galeracluster.com>
Denis Protivensky (Codership) <denis.protivensky@galeracluster.com> Denis Protivensky <denis.protivensky@galeracluster.com>
Jan Lindström (Codership) <jan.lindstrom@galeracluster.com> Jan Lindström <jan.lindstrom@galeracluster.com>
Leandro Pacheco (Codership) <leandro.pacheco@galeracluster.com> Leandro Pacheco <leandro.pacheco@galeracluster.com>
Mario Karuza (Codership) <mario.karuza@galeracluster.com> mkaruza <mario.karuza@galeracluster.com>
Mario Karuza (Codership) <mario.karuza@gmail.com> mkaruza <mario.karuza@gmail.com>
Mario Karuza (Codership) <mkaruza@users.noreply.github.com> mkaruza <mkaruza@users.noreply.github.com>
Philip Stoev (Codership) <philip.stoev@galeracluster.com>
Seppo Jaakola (Codership) <seppo.jaakola@codership.com> Seppo Jaakola <seppo.jaakola@codership.com>
Seppo Jaakola (Codership) <seppo.jaakola@iki.fi> seppo <seppo.jaakola@iki.fi>
Teemu Ollakka (Codership) <teemu.ollakka@galeracluster.com>
Teemu Ollakka (Codership) <teemu.ollakka@codership.com> Teemu Ollakka <teemu.ollakka@codership.com>
Vasil Dimov (Codership) <vasil.dimov@galeracluster.com>
Seppo Jaakola (Codership) <seppo.jaakola@iki.fi> sjaakola <seppo.jaakola@iki.fi>
Timo Teräs (Codership) <timo.teras@iki.fi>

Adrian Bunk (Debian) <bunk@debian.org> Adrian Bunk <bunk@debian.org>
Christian Hammers (Debian) <ch@debian.org> Christian Hammers <ch@debian.org>
James Clarke (Debian) <jrtc27@debian.org> James Clarke <jrtc27@debian.org>

Heiko Becker (Exherbo) <heirecka@exherbo.org> Heiko Becker <heirecka@exherbo.org>

Bernard Spil (FreeBSD) <brnrd@FreeBSD.org> Bernard Spil <brnrd@FreeBSD.org>
Bernard Spil (FreeBSD) <Sp1l@users.noreply.github.com> Bernard Spil <Sp1l@users.noreply.github.com>
Don Lewis (FreeBSD) <truckman@FreeBSD.org> Don Lewis <truckman@FreeBSD.org>

Arnaud Rebillout (Kali Linux) <arnaudr@kali.org> Arnaud Rebillout <arnaudr@kali.org>

Bernhard M. Wiedemann (SUSE) <bwiedemann@suse.de> Bernhard M. Wiedemann <bwiedemann@suse.de>
Dinar Valeev (SUSE) <dvaleev@suse.com> Dinar Valeev <dvaleev@suse.com>
Martin Liska (SUSE) <mliska@suse.cz> Martin Liska <mliska@suse.cz>

Dimitri John Ledkov (Ubuntu) <xnox@ubuntu.com> Dimitri John Ledkov <xnox@ubuntu.com>

Xiaotong Niu (Arm) <xiaotong.niu@arm.com> Xiaotong Niu <xiaotong.niu@arm.com>
Yuqi Gu (Arm) <yuqi.gu@arm.com> Yuqi <yuqi.gu@arm.com>
Yuqi Gu (Arm) <yuqi.gu@arm.com> Yuqi Gu <yuqi.gu@arm.com>

Dmitriy Karpovskiy (FRUCT) <dmitriy.karpovskiy@fruct.org> Dmitriy Karpovskiy <dmitriy.karpovskiy@fruct.org>

Jonas Oreland (Google) <jonaso@google.com> Jonas Oreland <jonaso@google.com>
Pavel Ivanov (Google) <pivanof@google.com> Pavel Ivanov <pivanof@google.com>

Craig Andrews (Integral Blue) <candrews@integralblue.com> Craig Andrews <candrews@integralblue.com>

hongdongjian (jd.com) <hongdongjian@jd.com> hongdongjian <hongdongjian@jd.com>

Ben Boeckel (Kitware) <ben.boeckel@kitware.com> Ben Boeckel <ben.boeckel@kitware.com>

Karel Picman (Kontron) <karel.picman@kontron.com> Karel Picman <karel.picman@kontron.com>

Mario Weigel (Movio) <mario@movio.co> Mario Weigel <mario@movio.co>

Krunal Bauskar (MySQL On ARM) <mysqlonarm@gmail.com> Krunal Bauskar <mysqlonarm@gmail.com>

Dominik Hassler (Omnios) <hadfl@omnios.org> Dominik Hassler <hadfl@omnios.org>

Andy Fiddaman (OmniOS CE) <andy@omniosce.org> Andy Fiddaman <andy@omniosce.org>

Francisco Biete (OpenJaw) <Francisco.Biete@openjawtech.com> Francisco Biete <Francisco.Biete@openjawtech.com>

Arjen Lentz (Open Query) <arjen@openquery.com> Arjen Lentz <arjen@openquery.com>
Daniel Black (Open Query) <daniel.black@openquery.com> Daniel Black <daniel.black@openquery.com>

Krunal Bauskar (Percona) <krunal.bauskar@percona.com> Krunal Bauskar <krunal.bauskar@percona.com>
Laurynas Biveinis (Percona) <laurynas.biveinis@gmail.com> Laurynas Biveinis <laurynas.biveinis@gmail.com>
Zsolt Parragi (Percona) <zsolt.parragi@percona.com> Zsolt Parragi <zsolt.parragi@percona.com>

Qi Wu (ScaleFlux) <qi.wu@scaleflux.com> Qi Wu <qi.wu@scaleflux.com>

Yury Chaikou (ServiceNow) <yury.chaikou@servicenow.com> Yury Chaikou <yury.chaikou@servicenow.com>

Rinat Ibragimov (Tempesta) <ri@tempesta-tech.com> Rinat Ibragimov <ri@tempesta-tech.com>

Seth Shelnutt (TileDB) <seth@tiledb.io> Seth Shelnutt <seth@tiledb.io>

Barry Perlman (Tokutek) <barry@tokutek.com> Barry Perlman <barry@tokutek.com>
Bradley C. Kuszmaul (Tokutek) <bradley@tokutek.com> Bradley C. Kuszmaul <bradley@tokutek.com>
Christian Rober (Tokutek) <christian@tokutek.com> Christian Rober <christian@tokutek.com>
Dave Wells (Tokutek) <wells@tokutek.com> Dave Wells <wells@tokutek.com>
Joel Epstein (Tokutek) <joel@tokutek.com> Joel Epstein <joel@tokutek.com>
Joel Epstein (Tokutek) <joel9001@hotmail.com> joel9001 <joel9001@hotmail.com>
John Esmet (Tokutek) <esmet@tokutek.com> John Esmet <esmet@tokutek.com>
John Esmet (Tokutek) <john.esmet@gmail.com> John Esmet <john.esmet@gmail.com>
Leif Walsh (Tokutek) <leif@tokutek.com> Leif Walsh <leif@tokutek.com>
Leif Walsh (Tokutek) <leif.walsh@gmail.com> Leif Walsh <leif.walsh@gmail.com>
Rich Prohaska (Tokutek) <prohaska@tokutek.com> Rich Prohaska <prohaska@tokutek.com>
Rich Prohaska (Tokutek) <prohaska7@gmail.com> Rik Prohaska <prohaska7@gmail.com>
Rich Prohaska (Tokutek) <prohaska@Prohaska-2.local> Rich Prohaska <prohaska@Prohaska-2.local>
Rich Prohaska (Tokutek) <prohaska@mork.tokutek.com> Rich Prohaska <prohaska@mork.tokutek.com>
Rich Prohaska (Tokutek) <prohaska@lex2.(none)> prohaska <prohaska@lex2.(none)>
Tim Callaghan (Tokutek) <tim@tokutek.com> Tim Callaghan <tim@tokutek.com>
Tim Callaghan (Tokutek) <tmcallaghan@gmail.com> Tim Callaghan <tmcallaghan@gmail.com>
TokuBuild (Tokutek) <tokubuild@pointy.tokutek.com> tokubuild <tokubuild@pointy.tokutek.com>
TokuBuild (Tokutek) <tokubuild@tokutek.com> TokuBuild <tokubuild@tokutek.com>
Vincenzo Liberatore (Tokutek) <vincenzo@tokutek.com> Vincenzo Liberatore <vincenzo@tokutek.com>
Yoni Fogel (Tokutek) <yoni@tokutek.com> Yoni Fogel <yoni@tokutek.com>
Zardosht Kasheff (Tokutek) <zardosht@tokutek.com> Zardosht Kasheff <zardosht@tokutek.com>
Zardosht Kasheff (Tokutek) <zardosht@gmail.com> Zardosht Kasheff <zardosht@gmail.com>
Zardosht Kasheff (Tokutek) <zardosht@gmail.com> zkasheff <zardosht@gmail.com>

Karim Geiger (TYVR) <karim@tyvr.net> Karim Geiger <karim@tyvr.net>

lilinjie (Uniontech) <lilinjie@uniontech.com> lilinjie <lilinjie@uniontech.com>

Mingli Yu (Wind River) <mingli.yu@windriver.com> Mingli Yu <mingli.yu@windriver.com>

Federico Razzoli (Vettabase) <federico.razzoli@vettabase.com> Federico Razzoli <federico.razzoli@vettabase.com>

Abdelhak Errami () <abdelhak.errami@yahoo.com> Abdelhak Errami <abdelhak.errami@yahoo.com>
Addison G () <AddisonG@users.noreply.github.com> Addison G <AddisonG@users.noreply.github.com>
Akira Higuchi () <ahiguti100@gmail.com> Akira Higuchi <ahiguti100@gmail.com>
Ahmed Ibrahim () <ahmed.ibr.hashim@gmail.com> Ahmed Ibrahim <ahmed.ibr.hashim@gmail.com>
Alexander Kuleshov () <kuleshovmail@gmail.com> Alexander Kuleshov <kuleshovmail@gmail.com>
Alexander E. Patrakov () <patrakov@gmail.com> Alexander E. Patrakov <patrakov@gmail.com>
Alexey Bychko () <abychko@gmail.com> Alexey Bychko <abychko@gmail.com>
Alexey Kopytov () <akopytov@gmail.com> Alexey Kopytov <akopytov@gmail.com>
Andrea Kao () <eirinikos@gmail.com> Andrea Kao <eirinikos@gmail.com>
Andrew McDonnell () <bugs@andrewmcdonnell.net> Andrew McDonnell <bugs@andrewmcdonnell.net>
Andrew McDonnell () <andrew@atlantis4.andrewmcdonnell.net> andrew <andrew@atlantis4.andrewmcdonnell.net>
andrew () <andrew@atlantis4> andrew <andrew@atlantis4>
andrew () <andrew@madev.eaglenest> andrew <andrew@madev.eaglenest>
anson1014 () <56494179+anson1014@users.noreply.github.com> anson1014 <56494179+anson1014@users.noreply.github.com>
Anthony Ryan () <anthonyryan1@gmail.com> Anthony Ryan <anthonyryan1@gmail.com>
Antony T Curtis () <antony@xiphis.org> Antony T Curtis <antony@xiphis.org>
Aurélien LEQUOY () <pmacontrol@68koncept.com> Aurélien LEQUOY <pmacontrol@68koncept.com>
Ben Rubson () <ben.rubson@gmail.com> benrubson <ben.rubson@gmail.com>
Bernd Kuhls () <bernd.kuhls@t-online.de> Bernd Kuhls <bernd.kuhls@t-online.de>
Brad Smith () <brad@comstyle.com> Brad Smith <brad@comstyle.com>
Buggynours () <bertrandop@gmail.com> Buggynours <bertrandop@gmail.com>
BohuTANG () <overred.shuttler@gmail.com> BohuTANG <overred.shuttler@gmail.com>
Caribe 1999 () <caribe@users.noreply.github.com> Caribe 1999 <caribe@users.noreply.github.com>
chansuke () <moonset20@gmail.com> chansuke <moonset20@gmail.com>
Christian Hesse () <mail@eworm.de> Christian Hesse <mail@eworm.de>
Christian Loos () <cloos@netcologne.de> Christian Loos <cloos@netcologne.de>
CodyBuilder-dev() <52912568+CodyBuilder-dev@users.noreply.github.com> CodyBuilder-dev <52912568+CodyBuilder-dev@users.noreply.github.com>
Damien Ciabrini () <damien.ciabrini@gmail.com> Damien Ciabrini <damien.ciabrini@gmail.com>
Daniel Axtens () <dja@axtens.net> Daniel Axtens <dja@axtens.net>
Daniel Lewart () <lewart3@gmail.com> Daniel Lewart <lewart3@gmail.com>
Daniel Solo () <dansolo@mail.ru> Daniel-Solo <dansolo@mail.ru>
Dan Ungureanu () <udan1107@gmail.com> Dan Ungureanu <udan1107@gmail.com>
Daniel Dent () <DanielDent@users.noreply.github.com> Daniel Dent <DanielDent@users.noreply.github.com>
David Carlier () <devnexen@gmail.com> David Carlier <devnexen@gmail.com>
Debjyoti () <djpool007@gmail.com> Debjyoti <djpool007@gmail.com>
DevilSatan () <2530212445@qq.com> DevilSatan <2530212445@qq.com>
dirtysalt () <dirtysalt1987@gmail.com> dirtysalt <dirtysalt1987@gmail.com>
Disconnect3d () <dominik.b.czarnota@gmail.com> Disconnect3d <dominik.b.czarnota@gmail.com>
Dwarf Mason () <igor2199@gmail.com> Dwarf Mason <igor2199@gmail.com>
Ekaterine Papava () <papava.e@gtu.ge> Ekaterine Papava <papava.e@gtu.ge>
Ekaterine Papava () <96391731+EkaterinePapava@users.noreply.github.com> EkaterinePapava <96391731+EkaterinePapava@users.noreply.github.com>
f4rnham () <f4rnham@PC.none> f4rnham <f4rnham@PC.none>
f4rnham () <f4rnham@users.noreply.github.com> f4rnham <f4rnham@users.noreply.github.com>
Fabrice Fontaine () <fontaine.fabrice@gmail.com> Fabrice Fontaine <fontaine.fabrice@gmail.com>
fluesvamp () <105884371+fluesvamp@users.noreply.github.com> fluesvamp <105884371+fluesvamp@users.noreply.github.com>
fluesvamp () <askeblad@outlook.com> fluesvamp <askeblad@outlook.com>
fran () <kahun@scriabin.(none)> fran <kahun@scriabin.(none)>
Fredrik Fornwall () <fredrik@fornwall.net> Fredrik Fornwall <fredrik@fornwall.net>
FX Coudert () <fxcoudert@gmail.com> FX Coudert <fxcoudert@gmail.com>
Gagan Goel () <gagan.nith@gmail.com> Gagan Goel <gagan.nith@gmail.com>
Geert Hendrickx () <geert@hendrickx.be> Geert Hendrickx <geert@hendrickx.be>
gvtek () <34262684+gvtek@users.noreply.github.com> gvtek <34262684+gvtek@users.noreply.github.com>
Guido Günther () <agx@sigxcpu.org> Guido Günther <agx@sigxcpu.org>
GuiXiaoDi () <i@gxdvip.com> GuiXiaoDi <i@gxdvip.com>
Haidong Ji () <ji@haidongji.com> Haidong Ji <ji@haidongji.com>
Hannu Hartikainen ()  <hannu.hartikainen@gmail.com> Hannu Hartikainen <hannu.hartikainen@gmail.com>
haomi123 () <68223875+haomi123@users.noreply.github.com> haomi123 <68223875+haomi123@users.noreply.github.com>
Hashir Sarwar () <hashirsarwarch@gmail.com> Hashir Sarwar <hashirsarwarch@gmail.com>
Heinz Wiesinger () <heinz@m2mobi.com> Heinz Wiesinger <heinz@m2mobi.com>
Helmut Grohne () <helmut@subdivi.de> Helmut Grohne <helmut@subdivi.de>
heyingquan0030 () <15198894161@139.com> heyingquan0030 <15198894161@139.com>
Hirokazu Hata () <h.hata.ai.t@gmail.com> Hirokazu Hata <h.hata.ai.t@gmail.com>
Hollow Man () <hollowman@hollowman.ml> Hollow Man <hollowman@hollowman.ml>
hotairballoon-3573 () <15198894161@139.com> hotairballoon-3573 <15198894161@139.com>
Hyeonseok Oh () <hyeonso5@gmail.com> Hyeonseok Oh <hyeonso5@gmail.com>
hygonsoc () <hygonsoc@gmail.com> hygonsoc <hygonsoc@gmail.com>
Igor Mazur (Grammarly) <igor.mazur@grammarly.com> Igor Mazur <igor.mazur@grammarly.com>
Igor Pashev () <pashev.igor@gmail.com> Igor Pashev <pashev.igor@gmail.com>
James Le Cuirot () <chewi@aura-online.co.uk> James Le Cuirot <chewi@aura-online.co.uk>
James Taylor () <james@jtaylor.id.au> James Taylor <james@jtaylor.id.au>
Jani Tolonen () <jani.k.tolonen@gmail.com> Jani Tolonen <jani.k.tolonen@gmail.com>
Jean Weisbuch () <jean@phpnet.org> Jean Weisbuch <jean@phpnet.org>
Jérôme Brauge () <j.brauge@qualiac.com> halfspawn <j.brauge@qualiac.com>
Jérôme Brauge () <j.brauge@qualiac.com> Jerome Brauge <j.brauge@qualiac.com>
Jia Zhouyang () <jiazhouyang@nudt.edu.cn> Jia Zhouyang <jiazhouyang@nudt.edu.cn>
Jonathan Sabbe () <jonathan.sabbe@gmail.com> Jonathan Sabbe <jonathan.sabbe@gmail.com>
josh4trunks () <joshruehlig@gmail.com> josh4trunks <joshruehlig@gmail.com>
Julien Del-Piccolo () <jdel@users.noreply.github.com> Julien Del-Piccolo <jdel@users.noreply.github.com>
Julien Pivotto () <roidelapluie@inuits.eu> Julien Pivotto <roidelapluie@inuits.eu>
Junqi Xie () <junqi_xie@outlook.com> Junqi Xie <junqi_xie@outlook.com>
Justin Jagieniak() <justin@jagieniak.net> Justin Jagieniak <justin@jagieniak.net>
Kaiton7 () <kituemr@gmail.com> Kaiton7 <kituemr@gmail.com>
karmengc () <karmengc@gmail.com> karmengc <karmengc@gmail.com>
Kartik Soneji() <kartiksoneji@rocketmail.com> Kartik Soneji <kartiksoneji@rocketmail.com>
Kazzix () <kazzix14@gmail.com> Kazzix <kazzix14@gmail.com>
Kenny John Jacob () <johnjacobkenny@gmail.com> Kenny John Jacob <johnjacobkenny@gmail.com>
Kento Takeuchi () <lucky.rabbitfoot141@gmail.com> Kento Takeuchi <lucky.rabbitfoot141@gmail.com>
Kentoku Shiba (MariaDB Corporation) <kentokushiba@gmail.com> Kentoku <kentokushiba@gmail.com>
Kentoku Shiba (MariaDB Corporation) <kentokushiba@gmail.com> Kentoku SHIBA <kentokushiba@gmail.com>
Kentoku Shiba () <root@kentoku14> root <root@kentoku14>
kevg () <claprix@yandex.ru> kevg <claprix@yandex.ru>
kevincheng2 () <chengyf112@gmail.com> kevincheng2 <chengyf112@gmail.com>
Khem Raj () <raj.khem@gmail.com> Khem Raj <raj.khem@gmail.com>
KiyoshiTakeda () <d8sk4ueum@gmail.com> KiyoshiTakeda <d8sk4ueum@gmail.com>
kkz () <izhaoshuang@163.com> kkz <izhaoshuang@163.com>
klemens () <ka7@github.com> klemens <ka7@github.com>
Kristian Nielsen () <knielsen@knielsen-hq.org> Kristian Nielsen <knielsen@knielsen-hq.org>
Kristian Nielsen () <knielsen@knielsen-hq.org> unknown <knielsen@knielsen-hq.org>
Krunal Bauskar () <krunalbauskar@gmail.com> Krunal Bauskar <krunalbauskar@gmail.com>
kurt () <dingweiqings@163.com> kurt <dingweiqings@163.com>
Leandro Pacheco () <contact@leandropacheco.com> Leandro Pacheco <contact@leandropacheco.com>
Lee Keun Won () <lovelgw@gmail.com> Lee Keun Won <lovelgw@gmail.com>
Like Ma () <likemartinma@gmail.com> Like Ma <likemartinma@gmail.com>
lilinjie () <1136268146@qq.com> lilinjie <1136268146@qq.com>
LingBin () <lingbinlb@gmail.com> LingBin <lingbinlb@gmail.com>
lrf141 () <lucky.rabbitfoot141@gmail.com> lrf141 <lucky.rabbitfoot141@gmail.com>
Luis Eduardo Oliveira Lizardo () <108760288+mariadb-LuisLizardo@users.noreply.github.com> Luis Eduardo Oliveira Lizardo <108760288+mariadb-LuisLizardo@users.noreply.github.com>
Martin Stefany () <martinstefany@users.noreply.github.com> Martin Stefany <martinstefany@users.noreply.github.com>
Martynas Bendorius () <martynas@martynas.it> Martynas Bendorius <martynas@martynas.it>
Masashi Tomooka () <tmokmss@users.noreply.github.com> Masashi Tomooka <tmokmss@users.noreply.github.com>
Mathew Heard () <splitice@users.noreply.github.com> Mathew Heard <splitice@users.noreply.github.com>
Michael Gmelin () <mg@grem.de> Michael Gmelin <mg@grem.de>
Michael Okoko () <okokomichaels@outlook.com> Michael Okoko <okokomichaels@outlook.com>
Mihyaeru () <mihyaeru21@gmail.com> Mihyaeru <mihyaeru21@gmail.com>
Mike Griffin () <mg@webmail.us> Mike Griffin <mg@webmail.us>
Mikhail Chalov () <mike.chalov@gmail.com> Mikhail Chalov <mike.chalov@gmail.com>
MikkoJaakola () <mikko.jaakola@hotmail.fi> MikkoJaakola <mikko.jaakola@hotmail.fi>
Ming Lin () <minggr@gmail.com> Ming Lin <minggr@gmail.com>
Mostafa Hussein () <mostafa.hussein91@gmail.com> Mostafa Hussein <mostafa.hussein91@gmail.com>
musvaage () <112724366+musvaage@users.noreply.github.com> musvaage <112724366+musvaage@users.noreply.github.com>
musvaage () <musvaage@outlook.com> musvaage <musvaage@outlook.com>
mysqlonarm() <61234003+mysqlonarm@users.noreply.github.com> mysqlonarm <61234003+mysqlonarm@users.noreply.github.com>
Nayuta Yanagisawa () <nayuta.yanagisawa@gmail.com> Nayuta Yanagisawa <nayuta.yanagisawa@gmail.com>
Nayuta Yanagisawa () <nayuta.yanagisawa@hey.com> Nayuta Yanagisawa <nayuta.yanagisawa@hey.com>
Noel Kuntze () <noel@familie-kuntze.de> Noel Kuntze <noel@familie-kuntze.de>
Norio Akagi () <redtree.dev1112@gmail.com> Norio Akagi <redtree.dev1112@gmail.com>
NTH19 () <74389817+NTH19@users.noreply.github.com> NTH19 <74389817+NTH19@users.noreply.github.com>
Oleg Smirnov () <olegs@teramind.co> Oleg Smirnov <olegs@teramind.co>
Olivier Bertrand () <bertrandop@gmail.com> Olivier Bertrand <bertrandop@gmail.com>
Olivier Bertrand () <bertrandop@gmail.com> Olivier on SAMSUNG 64-bits <bertrandop@gmail.com>
Olivier Bertrand () <Olivier@UBUVIR> unknown <Olivier@UBUVIR>
Oliver Giles () <ohw.giles@gmail.com> Oliver Giles <ohw.giles@gmail.com>
Otto Kekäläinen (Amazon) <otto@kekalainen.net> Otto Kekäläinen <otto@kekalainen.net>
Otto Kekäläinen (Debian) <otto@debian.org> Otto Kekäläinen <otto@debian.org>
Pali () <pali@cpan.org> Pali <pali@cpan.org>
Paragoumba () <22895992+Paragoumba@users.noreply.github.com> Paragoumba <22895992+Paragoumba@users.noreply.github.com>
Petr Vaněk () <arkamar@atlas.cz> Petr Vaněk <arkamar@atlas.cz>
pkubaj () <pkubaj@users.noreply.github.com> pkubaj <pkubaj@users.noreply.github.com>
pruet () <pruetboonma@gmail.com> pruet <pruetboonma@gmail.com>
qingda2019 () <344369869@qq.com> qingda2019 <344369869@qq.com>
qggcs () <ajb459684460@gmail.com> qggcs <ajb459684460@gmail.com>
Raghavendra D Prabhu () <rprabhu@wnohang.net> Raghavendra D Prabhu <rprabhu@wnohang.net>
Rahul Anand () <rahulanand16nov@gmail.com> Rahul Anand <rahulanand16nov@gmail.com>
Rainer Orth () <ro@CeBiTec.Uni-Bielefeld.DE> Rainer Orth <ro@CeBiTec.Uni-Bielefeld.DE>
Rakshit Kumar () <32777813+rakshitkumarcse@users.noreply.github.com> Rakshit Kumar <32777813+rakshitkumarcse@users.noreply.github.com>
rantal () <rantal5030@gmail.com> rantal <rantal5030@gmail.com>
rmfalves () <rmfalves@gmail.com> rmfalves <rmfalves@gmail.com>
root () <ChengXiaoZ@189.cn> root <ChengXiaoZ@189.cn>
Rucha Deodhar () <ruchad1998@gmail.com> Rucha Deodhar <ruchad1998@gmail.com>
Ruihang Xia () <waynestxia@gmail.com> Ruihang Xia <waynestxia@gmail.com>
Ruoyu Zhong () <zhongruoyu@outlook.com> Ruoyu Zhong <zhongruoyu@outlook.com>
Ryan Coe () <bluemrp9@gmail.com> Ryan Coe <bluemrp9@gmail.com>
Ryu Yamada () <a2sin2a2ko@kyoto-y.work> Ryu Yamada <a2sin2a2ko@kyoto-y.work>
Salman Mohammadi () <salman@smoha.org> Salman Mohammadi <salman@smoha.org>
Samuel Thibault () <samuel.thibault@ens-lyon.org> Samuel Thibault <samuel.thibault@ens-lyon.org>
sara () <sara.jaakola@gmail.com> sara <sara.jaakola@gmail.com>
Sauron () <git@sauron.cf> Sauron <git@sauron.cf>
sawasa () <plainbanana@mustardon.tokyo> sawasa <plainbanana@mustardon.tokyo>
Seamus Lee () <seamuslee001@gmail.com> Seamus Lee <seamuslee001@gmail.com>
Sebastian Kemper () <sebastian_ml@gmx.net> Sebastian Kemper <sebastian_ml@gmx.net>
sensssz () <hjmsens@gmail.com> sensssz <hjmsens@gmail.com>
Sergey Zolotarev () <sryze@protonmail.com> Sergey Zolotarev <sryze@protonmail.com>
Shivam Choudhary () <shivm.c97@gmail.com> Shivam Choudhary <shivm.c97@gmail.com>
Shunpoco () <tkngsnsk313320@gmail.com> Shunpoco <tkngsnsk313320@gmail.com>
Shunsuke Tokunaga () <tkngsnsk313320@gmail.com> Shunsuke Tokunaga <tkngsnsk313320@gmail.com>
Simon Lipp () <sloonz@gmail.com> Simon Lipp <sloonz@gmail.com>
Srinidhi Kaushik () <shrinidhi.kaushik@gmail.com> Srinidhi Kaushik <shrinidhi.kaushik@gmail.com>
Stepan Patryshev () <stepan@cnt7glr11.localdomain> Stepan Patryshev <stepan@cnt7glr11.localdomain>
Stephen Long () <mailthelong@gmail.com> Stephen Long <mailthelong@gmail.com>
Takashi Sasaki () <tsasaki609@gmail.com> Takashi Sasaki <tsasaki609@gmail.com>
tanruixiang () <819464715@qq.com> tanruixiang <819464715@qq.com>
Tao ZHOU () <angeloudy@gmail.com> Tao ZHOU <angeloudy@gmail.com>
Tao ZHOU () <angeloudy@gmail.com> angeloudy <angeloudy@yahoo.com>
tmokmss() <tomookam@live.jp> tmokmss <tomookam@live.jp>
Trevor Gross () <tmgross@umich.edu> Trevor Gross <tmgross@umich.edu>
Tuukka Pasanen () <tuukka.pasanen@ilmi.fi> Tuukka Pasanen <tuukka.pasanen@ilmi.fi>
unki () <unki@users.noreply.github.com> unki <unki@users.noreply.github.com>
Unknown () <Unknown> unknown <Unknown>
Unknown () <holzboote@googlemail.com> unknown <holzboote@googlemail.com>
Ustun Ozgur () <ustun@ustunozgur.com> Ustun Ozgur <ustun@ustunozgur.com>
Vanislavsky () <serzh7214@mail.ru> Vanislavsky <serzh7214@mail.ru>
Vincent Milum Jr () <github@darkain.com> Vincent Milum Jr <github@darkain.com>
Vincent Milum Jr () <git@darkain.com> Vincent Milum Jr <git@darkain.com>
vinchen () <vinchen13@gmail.com> vinchen <vinchen13@gmail.com>
Vlad Lesin () <vlad_lesin@mail.ru> Vlad Lesin <vlad_lesin@mail.ru>
wayne () <i@waynest.com> wayne <i@waynest.com>
WayneXia () <waynestxia@gmail.com> WayneXia <waynestxia@gmail.com>
Weijun Huang () <huangweijun1001@gmail.com> Weijun Huang <huangweijun1001@gmail.com>
Weijun Huang () <huangweijun1001@gmail.com> Weijun-H <huangweijun1001@gmail.com>
Will () <war59312@gmail.com> Will <war59312@gmail.com>
willhan () <526786050@qq.com> willhan <526786050@qq.com>
xdavidwu () <xdavidwuph@gmail.com> xdavidwu <xdavidwuph@gmail.com>
xzhangxian1008 () <xzhangxian@foxmail.com> xzhangxian1008 <xzhangxian@foxmail.com>
Yasuhiro-gh () <Pavlich_eng00@mail.ru> Yasuhiro-gh <Pavlich_eng00@mail.ru>
Yuichiro Suzuki () <u16suzu@gmail.com> Yuichiro Suzuki <u16suzu@gmail.com>
YunQiang Su () <wzssyqa@gmail.com> YunQiang Su <wzssyqa@gmail.com>
Yury Kurlykov () <sh1ftr@protonmail.ch> Yury Kurlykov <sh1ftr@protonmail.ch>
Yusuke Abe () <moonset20@gmail.com> Yusuke Abe <moonset20@gmail.com>
zhaorenhai () <zhaorenhai@hotmail.com> zhaorenhai <zhaorenhai@hotmail.com>
Zhibo Zhang () <darren.zhang.zb@gmail.com>  Zhibo Zhang <darren.zhang.zb@gmail.com>
zhzhzoo () <zhzhzoo@gmail.com> zhzhzoo <zhzhzoo@gmail.com>
Zicheng Huang () <hzc989@outlook.com> Zicheng Huang <hzc989@outlook.com>

